{"max": [7.6483, 4.54788, 16.2142], "centroid": [-0.9091350743547206, -0.18491476225683617, 5.533866093278794], "id": "10155655850468db78d106ce0a280f87", "numVertices": 7826, "min": [-9.4159, -1.22897, -1.85833]}
